{
  "$schema": "https://turbo.build/schema.json",
  "globalDependencies": [
    "**/.env.*local",
    "COOKIE_SECRET",
    "ALLOWED_HOSTS",
    "PORT",
    "GOOGLE_CLIENT_ID",
    "GOOGLE_CLIENT_SECRET",
    "GITHUB_CLIENT_ID",
    "GITHUB_CLIENT_SECRET",
    "FACEBOOK_APP_ID",
    "FACEBOOK_APP_SECRET",
    "AUTH_REDIRECT_URL",
    "JWT_SECRET"
  ],
  "pipeline": {
    "build": {
      "dependsOn": ["db:generate", "^build"],
      "outputs": [".next/**", "!.next/cache/**"]
    },
    "lint": {
      "dependsOn": ["^lint"]
    },
    "lint:fix": {
      "dependsOn": ["^lint:fix"]
    },
    "dev": {
      "dependsOn": ["^db:generate"],
      "cache": false,
      "persistent": true
    },
    "db:generate": {
      "cache": false
    },
    "db:push": {
      "cache": false
    }
  }
}
